item_id,start,target,frequency,feat_dynamic_real,feat_static_cat,feat_static_real,metadata
ettm1_OT,2016-07-01T00:00:00,"[-0.25963107  0.01601063 -0.48182964 ... -0.23632681  0.7036296
 -1.3786995 ]",15min,"[array([0.        , 0.        , 0.        , ..., 0.04347826, 0.04347826,
        0.04347826], shape=(48776,), dtype=float32)
 array([0.6666667 , 0.6666667 , 0.6666667 , ..., 0.16666667, 0.16666667,
        0.16666667], shape=(48776,), dtype=float32)
 array([0.       , 0.       , 0.       , ..., 0.6666667, 0.6666667,
        0.6666667], shape=(48776,), dtype=float32)
 array([0.54545456, 0.54545456, 0.54545456, ..., 0.90909094, 0.90909094,
        0.90909094], shape=(48776,), dtype=float32)
 array([0.48076922, 0.48076922, 0.48076922, ..., 0.88461536, 0.88461536,
        0.88461536], shape=(48776,), dtype=float32)                     ]",,,"{""dataset"": ""ettm1"", ""category"": ""long_horizon"", ""split"": ""train"", ""features"": [""HUFL"", ""HULL"", ""MUFL"", ""MULL"", ""LUFL"", ""LULL"", ""OT""], ""target_feature"": ""OT"", ""target_idx"": 6, ""original_length"": 48776, ""normalization"": {""method"": ""standard"", ""mean"": [7.481808185577393, 1.9751670360565186, 4.5693488121032715, 0.7058990001678467, 2.932835578918457, 0.7818610668182373, 16.29029655456543], ""std"": [6.373690128326416, 2.1131598949432373, 6.164728164672852, 1.9246400594711304, 1.1967980861663818, 0.6638988256454468, 8.345760345458984]}, ""target_shape"": [48776, 7]}"
